id;name;serving_size;calories;total_fat;saturated_fat;cholesterol;sodium;choline;folate;folic_acid;niacin;pantothenic_acid;riboflavin;thiamin;vitamin_a;vitamin_a_rae;carotene_alpha;carotene_beta;cryptoxanthin_beta;lutein_zeaxanthin;lucopene;vitamin_b12;vitamin_b6;vitamin_c;vitamin_d;vitamin_e;tocopherol_alpha;vitamin_k;calcium;copper;irom;magnesium;manganese;phosphorous;potassium;selenium;zink;protein;alanine;arginine;aspartic_acid;cystine;glutamic_acid;glycine;histidine;hydroxyproline;isoleucine;leucine;lysine;methionine;phenylalanine;proline;serine;threonine;tryptophan;tyrosine;valine;carbohydrate;fiber;sugars;fructose;galactose;glucose;lactose;maltose;sucrose;fat;saturated_fatty_acids;monounsaturated_fatty_acids;polyunsaturated_fatty_acids;fatty_acids_total_trans;alcohol;ash;caffeine;theobromine;water
3428;McDONALD'S, Premium Grilled Chicken Club Sandwich;100 g;221;8.1g;2.9g;46mg;462.00 mg;0;0;0;5.575 mg;0.826 mg;0.186 mg;0.172 mg;355.00 IU;0;0;0;0;0;0;0;0;4.4 mg;0;0;0;0;95.00 mg;0;1.37 mg;0;0;0;0;0;0;17.19 g;0;0;0;0;0;0;0;0;0;0;0;0;0;0;0;0;0;0;0;19.87 g;1.2 g;2.89 g;0;0;1.49 g;0.00 g;0.72 g;0.68 g;8.05 g;2.890 g;2.508 g;2.160 g;46.00 mg;0;2.38 g;0;0;52.52 g
8236;Beef, raw, Aust. marble score 9, separable lean only, boneless, top loin steak/roast, loin, Wagyu, imported, Australian;100 g;331;29g;10g;61mg;68.00 mg;0;0;0;0;0;0;0;0.00 IU;0.00 mcg;0.00 mcg;0.00 mcg;0.00 mcg;0.00 mcg;0;0;0;0.0 mg;0;0;0;0;4.00 mg;0;1.71 mg;0;0;0;0;0;0;16.92 g;0.978 g;1.138 g;1.558 g;0.180 g;2.756 g;0.754 g;0.558 g;0.085 g;0.741 g;1.401 g;1.523 g;0.494 g;0.660 g;0.697 g;0.665 g;0.766 g;0.194 g;0.600 g;0.783 g;0.13 g;0.0 g;0.00 g;0;0;0;0;0;0;29.15 g;10.309 g;15.368 g;1.079 g;61.00 mg;0.0 g;0.71 g;0.00 mg;0.00 mg;53.09 g
4137;Cookies, with extra creme filling, chocolate sandwich;100 g;497;25g;5.5g;0;351.00 mg;3.3 mg;46.00 mcg;34.00 mcg;1.937 mg;0.142 mg;0.120 mg;0.115 mg;0.00 IU;0.00 mcg;0.00 mcg;0.00 mcg;0.00 mcg;3.00 mcg;0;0.02 mcg;0.000 mg;0.0 mg;0.00 IU;1.89 mg;1.89 mg;6.2 mcg;16.00 mg;0.337 mg;7.80 mg;36.00 mg;0.497 mg;69.00 mg;137.00 mg;8.1 mcg;0.78 mg;4.33 g;0;0;0;0;0;0;0;0;0;0;0;0;0;0;0;0;0;0;0;68.20 g;2.7 g;46.00 g;0.36 g;0.00 g;1.10 g;0.00 g;0.00 g;44.53 g;24.52 g;5.454 g;16.076 g;2.471 g;0.00 mg;0.0 g;1.30 g;6.00 mg;190.00 mg;1.65 g
5298;Babyfood, junior, macaroni and tomato and beef, dinner;100 g;59;1.1g;0.4g;4mg;35.00 mg;10.4 mg;9.00 mcg;3.00 mcg;0.751 mg;0;0.055 mg;0.048 mg;691.00 IU;35.00 mcg;154.00 mcg;338.00 mcg;0.00 mcg;12.00 mcg;0;0.24 mcg;0.047 mg;1.5 mg;1.00 IU;0.81 mg;0.81 mg;6.7 mcg;14.00 mg;0.039 mg;0.36 mg;7.00 mg;0;44.00 mg;72.00 mg;8.4 mcg;0.36 mg;2.50 g;0.128 g;0.133 g;0.198 g;0.034 g;0.619 g;0.126 g;0.064 g;0;0.118 g;0.198 g;0.149 g;0.039 g;0.112 g;0.201 g;0.104 g;0.090 g;0.028 g;0.082 g;0.127 g;9.40 g;1.1 g;2.43 g;0;0;0;0;0;0;1.10 g;0.411 g;0.447 g;0.079 g;4.00 mg;0.0 g;0.30 g;0.00 mg;0.00 mg;86.70 g
8438;Infant formula, with DHA and ARA, not reconstituted, powder, with iron, ALIMENTUM ADVANCE, ABBOTT NUTRITION;100 g;517;28g;14g;8mg;224.00 mg;40.7 mg;76.00 mcg;76.00 mcg;6.870 mg;3.817 mg;0.458 mg;0.305 mg;1528.00 IU;458.00 mcg;0.00 mcg;0.00 mcg;0.00 mcg;0.00 mcg;0;2.29 mcg;0.305 mg;45.8 mg;229.00 IU;10.24 mg;10.24 mg;76.3 mcg;534.00 mg;0.382 mg;9.16 mg;38.00 mg;0;382.00 mg;598.00 mg;9.3 mcg;3.82 mg;13.99 g;0;0;0;0;0;0;0;0;0;0;0;0;0;0;0;0;0;0;0;51.91 g;0.0 g;34.18 g;0;0;0;0;0;0;28.19 g;14.282 g;2.276 g;8.877 g;8.00 mg;0.0 g;4.41 g;0.00 mg;0.00 mg;1.50 g
5981;Squash, without salt, mashed, boiled, cooked, acorn, winter;100 g;34;0.1g;;0;3.00 mg;0;11.00 mcg;0.00 mcg;0.531 mg;0.303 mg;0.008 mg;0.100 mg;817.00 IU;41.00 mcg;0.00 mcg;490.00 mcg;0.00 mcg;66.00 mcg;0;0.00 mcg;0.117 mg;6.5 mg;0.00 IU;0;0;0;26.00 mg;0.052 mg;0.56 mg;26.00 mg;0.146 mg;27.00 mg;263.00 mg;0.4 mcg;0.11 mg;0.67 g;0.028 g;0.037 g;0.072 g;0.006 g;0.118 g;0.025 g;0.013 g;0;0.026 g;0.038 g;0.025 g;0.008 g;0.026 g;0.024 g;0.026 g;0.020 g;0.010 g;0.023 g;0.029 g;8.79 g;2.6 g;0;0;0;0;0;0;0;0.08 g;0.017 g;0.006 g;0.035 g;0.00 mg;0;0.76 g;0;0;89.70 g
6291;Beef, raw, separable lean and fat, rump centre, imported, New Zealand;100 g;145;6.5g;2.2g;55mg;49.00 mg;0;0;0;2.716 mg;0.577 mg;0.117 mg;0.067 mg;24.00 IU;7.00 mcg;0.00 mcg;0.00 mcg;0.00 mcg;0.00 mcg;0;2.13 mcg;0.274 mg;0.0 mg;4.00 IU;0.31 mg;0.31 mg;0;4.00 mg;0.106 mg;2.29 mg;22.00 mg;0.009 mg;190.00 mg;341.00 mg;1.5 mcg;3.43 mg;21.65 g;1.127 g;1.424 g;0;0;3.019 g;1.179 g;0.780 g;0;0.900 g;1.633 g;1.714 g;0.712 g;0.842 g;0.695 g;0.761 g;0.784 g;0.227 g;0.728 g;0.956 g;0.00 g;0.0 g;0.00 g;0;0;0;0;0;0;6.50 g;2.200 g;2.199 g;0.304 g;55.00 mg;0.0 g;0.97 g;0.00 mg;0.00 mg;71.87 g
906;Beef sausage, cooked, fresh;100 g;332;28g;11g;82mg;813.00 mg;51.4 mg;3.00 mcg;0.00 mcg;3.600 mg;0.515 mg;0.150 mg;0.048 mg;81.00 IU;13.00 mcg;11.00 mcg;15.00 mcg;11.00 mcg;0.00 mcg;0;2.01 mcg;0.313 mg;0.0 mg;18.00 IU;0.24 mg;0.24 mg;1.1 mcg;11.00 mg;0.069 mg;1.57 mg;14.00 mg;0.000 mg;141.00 mg;258.00 mg;0.0 mcg;4.38 mg;18.21 g;1.257 g;1.209 g;1.768 g;0.208 g;2.986 g;1.280 g;0.653 g;0.283 g;0.864 g;1.492 g;1.607 g;0.408 g;0.752 g;0.921 g;0.770 g;0.805 g;0.118 g;0.579 g;0.989 g;0.35 g;0.0 g;0.00 g;0;0;0;0;0;0;27.98 g;10.905 g;12.639 g;0.663 g;82.00 mg;0.0 g;2.34 g;0.00 mg;0.00 mg;51.12 g
5687;CAMPBELL'S CHUNKY Soups, Chicken Broccoli Cheese & Potato Soup;100 g;86;4.5g;1.6g;8mg;359.00 mg;0;0;0;0;0;0;0;204.00 IU;0;0;0;0;0;0;0;0;0.0 mg;0;0;0;0;8.00 mg;0;0.00 mg;0;0;0;0;0;0;2.86 g;0;0;0;0;0;0;0;0;0;0;0;0;0;0;0;0;0;0;0;8.16 g;1.2 g;2.45 g;0;0;0;0;0;0;4.49 g;1.633 g;0;0;8.00 mg;0;1.24 g;0;0;83.22 g
127;Papaya nectar, canned;100 g;57;0.2g;;0;5.00 mg;2.0 mg;2.00 mcg;0.00 mcg;0.150 mg;0.054 mg;0.004 mg;0.006 mg;361.00 IU;18.00 mcg;0.00 mcg;91.00 mcg;251.00 mcg;25.00 mcg;0;0.00 mcg;0.009 mg;3.0 mg;0.00 IU;0.24 mg;0.24 mg;0.8 mcg;10.00 mg;0.013 mg;0.34 mg;3.00 mg;0.013 mg;0.00 mg;31.00 mg;0.3 mcg;0.15 mg;0.17 g;0;0;0;0;0;0;0;0;0;0;0;0;0;0;0;0;0;0;0;14.51 g;0.6 g;13.91 g;0;0;0;0;0;0;0.15 g;0.047 g;0.041 g;0.035 g;0.00 mg;0.0 g;0.15 g;0.00 mg;0.00 mg;85.02 g
8483;"Beef, grilled, cooked, choice, trimmed to 1/8"" fat, separable lean and fat, lip-on, bone-in, rib eye steak";100 g;313;25g;11g;83mg;60.00 mg;48.6 mg;6.00 mcg;0.00 mcg;4.752 mg;0.567 mg;0.296 mg;0.085 mg;25.00 IU;8.00 mcg;0.00 mcg;0.00 mcg;0.00 mcg;0.00 mcg;0;2.00 mcg;0.450 mg;0.0 mg;7.00 IU;0.10 mg;0.10 mg;1.6 mcg;22.00 mg;0.073 mg;2.29 mg;22.00 mg;0.073 mg;156.00 mg;242.00 mg;23.7 mcg;5.07 mg;22.71 g;1.404 g;1.533 g;2.194 g;0.229 g;3.694 g;1.120 g;0.836 g;0.155 g;1.055 g;1.940 g;2.148 g;0.612 g;0.906 g;1.012 g;0.928 g;1.065 g;0.255 g;0.840 g;1.134 g;0.00 g;0.0 g;0.00 g;0;0;0;0;0;0;24.70 g;10.566 g;11.620 g;1.103 g;83.00 mg;0.0 g;0.90 g;0.00 mg;0.00 mg;52.36 g
6136;Cookies, with added fiber, reduced fat, commercially prepared, brownies;100 g;345;9.7g;2.8g;0;290.00 mg;13.9 mg;42.00 mcg;34.00 mcg;1.441 mg;0;0.247 mg;0.178 mg;0.00 IU;0.00 mcg;0.00 mcg;0.00 mcg;0.00 mcg;7.00 mcg;0;0.02 mcg;0.019 mg;0.0 mg;0.00 IU;0.59 mg;0.59 mg;8.0 mcg;0.00 mg;0.178 mg;1.99 mg;31.00 mg;0;59.00 mg;143.00 mg;12.9 mcg;0.46 mg;2.77 g;0;0;0;0;0;0;0;0;0;0;0;0;0;0;0;0;0;0;0;61.58 g;11.1 g;38.73 g;0;0;0;0;0;0;9.68 g;2.766 g;3.432 g;2.581 g;0.00 mg;0.0 g;1.14 g;10.00 mg;97.00 mg;24.83 g
6912;"Beef, raw, select, trimmed to 1/8"" fat, separable lean and fat, blade roast, chuck";100 g;230;17g;7g;71mg;69.00 mg;72.6 mg;5.00 mcg;0.00 mcg;2.200 mg;0.290 mg;0.170 mg;0.100 mg;0.00 IU;0.00 mcg;0.00 mcg;0.00 mcg;0.00 mcg;0.00 mcg;0;3.44 mcg;0.360 mg;0.0 mg;0;0;0;0;10.00 mg;0.074 mg;2.07 mg;17.00 mg;0.013 mg;164.00 mg;276.00 mg;16.3 mcg;5.07 mg;17.37 g;1.048 g;1.098 g;1.587 g;0.194 g;2.609 g;0.947 g;0.595 g;0;0.781 g;1.373 g;1.445 g;0.445 g;0.678 g;0.767 g;0.664 g;0.759 g;0.194 g;0.583 g;0.845 g;0.00 g;0.0 g;0.00 g;0;0;0;0;0;0;17.33 g;6.990 g;7.600 g;0.630 g;71.00 mg;0.0 g;0.84 g;0.00 mg;0.00 mg;62.83 g
3629;Pasta, cooked, corn and rice flour, gluten-free;100 g;179;1g;0.2g;0;4.00 mg;1.7 mg;4.00 mcg;0.00 mcg;0.240 mg;0.140 mg;0.079 mg;0.050 mg;71.00 IU;4.00 mcg;21.00 mcg;32.00 mcg;0.00 mcg;539.00 mcg;0;0.00 mcg;0.037 mg;0.0 mg;0.00 IU;0.00 mg;0.00 mg;0.0 mcg;2.00 mg;0.020 mg;0.22 mg;11.00 mg;0.094 mg;33.00 mg;24.00 mg;2.2 mcg;0.27 mg;3.20 g;0.236 g;0.154 g;0.175 g;0.072 g;0.544 g;0.103 g;0.092 g;0.000 g;0.103 g;0.452 g;0.164 g;0.072 g;0.175 g;0.349 g;0.164 g;0.103 g;0.020 g;0.144 g;0.103 g;38.05 g;1.4 g;0.00 g;0.00 g;0.00 g;0.00 g;0.00 g;0.00 g;0.00 g;1.00 g;0.150 g;0.259 g;0.329 g;0.00 mg;0.0 g;0.07 g;0.00 mg;0.00 mg;57.67 g
1767;KEEBLER, Cinnamon Crisp, Grahams;100 g;430;12g;2.7g;0;474.00 mg;0;81.00 mcg;0;3.500 mg;0;0.240 mg;0.440 mg;0;0;0;0;0;0;0;0;0.020 mg;0;0;0;0;0;381.00 mg;0;3.50 mg;12.00 mg;0;110.00 mg;133.00 mg;0;0.50 mg;5.90 g;0;0;0;0;0;0;0;0;0;0;0;0;0;0;0;0;0;0;0;76.30 g;3.3 g;26.90 g;0;0;0;0;0;0;12.20 g;2.700 g;2.900 g;5.700 g;0.00 mg;0;0;0;0;2.50 g
689;Egg, poached, cooked, whole;100 g;143;9.5g;3.1g;370mg;297.00 mg;234.1 mg;35.00 mcg;0.00 mcg;0.063 mg;1.527 mg;0.387 mg;0.032 mg;538.00 IU;160.00 mcg;0.00 mcg;0.00 mcg;9.00 mcg;501.00 mcg;0;0.71 mcg;0.144 mg;0.0 mg;82.00 IU;1.04 mg;1.04 mg;0.3 mcg;56.00 mg;0.072 mg;1.75 mg;12.00 mg;0.028 mg;197.00 mg;138.00 mg;30.6 mcg;1.29 mg;12.51 g;0.732 g;0.817 g;1.323 g;0.271 g;1.667 g;0.430 g;0.308 g;0;0.669 g;1.082 g;0.909 g;0.378 g;0.677 g;0.510 g;0.967 g;0.553 g;0.166 g;0.497 g;0.855 g;0.71 g;0.0 g;0.37 g;0.00 g;0.00 g;0.37 g;0.00 g;0.00 g;0.00 g;9.47 g;3.113 g;3.643 g;1.904 g;370.00 mg;0.0 g;1.46 g;0.00 mg;0.00 mg;75.85 g
362;Gravy, dry, brown;100 g;367;9.6g;3.3g;3mg;4843.00 mg;0;31.00 mcg;17.00 mcg;3.700 mg;0.100 mg;0.390 mg;0.180 mg;27.00 IU;8.00 mcg;0;0;0;0;0;0.70 mcg;0.100 mg;0.3 mg;0;0;0;0;132.00 mg;0.190 mg;1.72 mg;34.00 mg;0.412 mg;203.00 mg;262.00 mg;6.1 mcg;1.11 mg;10.74 g;0;0;0;0;0;0;0;0;0;0;0;0;0;0;0;0;0;0;0;59.38 g;2.0 g;0;0;0;0;0;0;0;9.61 g;3.319 g;4.452 g;0.405 g;3.00 mg;0.0 g;15.27 g;0;0;5.00 g
4765;Seeds, with salt added, toasted, sunflower seed kernels;100 g;619;57g;6g;0;613.00 mg;0;238.00 mcg;0.00 mcg;4.198 mg;7.056 mg;0.285 mg;0.325 mg;0.00 IU;0.00 mcg;0;0;0;0;0;0.00 mcg;0.805 mg;1.4 mg;0.00 IU;0;0;0;57.00 mg;1.834 mg;6.81 mg;129.00 mg;2.114 mg;1158.00 mg;491.00 mg;62.2 mcg;5.30 mg;17.21 g;0.844 g;1.816 g;1.848 g;0.341 g;4.216 g;1.104 g;0.477 g;0;0.861 g;1.254 g;0.708 g;0.374 g;0.883 g;0.893 g;0.812 g;0.702 g;0.263 g;0.503 g;0.994 g;20.59 g;11.5 g;0;0;0;0;0;0;0;56.80 g;5.953 g;10.841 g;37.507 g;0.00 mg;0;4.40 g;0;0;1.00 g
340;Frankfurter, meat;100 g;290;26g;7.7g;77mg;1090.00 mg;0;6.00 mcg;0.00 mcg;2.665 mg;0.310 mg;0.121 mg;0.055 mg;0.00 IU;0.00 mcg;0;0;0;0;0;1.57 mcg;0.166 mg;0.0 mg;0;0.19 mg;0.19 mg;0;99.00 mg;0.097 mg;1.09 mg;15.00 mg;0.045 mg;206.00 mg;152.00 mg;12.5 mcg;1.20 mg;10.26 g;0.620 g;0.691 g;1.023 g;0.110 g;1.645 g;0.488 g;0.331 g;0;0.530 g;0.907 g;0.963 g;0.291 g;0.445 g;0.434 g;0.412 g;0.474 g;0.111 g;0.376 g;0.555 g;4.17 g;0.0 g;0;0;0;0;0;0;0;25.76 g;7.666 g;11.386 g;4.404 g;77.00 mg;0.0 g;3.50 g;0.00 mg;0.00 mg;56.31 g
8692;"Beef, raw, choice, trimmed to 0"" fat, separable lean and fat, boneless, chuck eye Country-Style ribs";100 g;210;15g;6.4g;70mg;76.00 mg;66.5 mg;3.00 mcg;0.00 mcg;3.821 mg;0.620 mg;0.166 mg;0.070 mg;13.00 IU;4.00 mcg;0.00 mcg;0.00 mcg;0.00 mcg;0.00 mcg;0;2.94 mcg;0.337 mg;0.0 mg;5.00 IU;0.18 mg;0.18 mg;1.5 mcg;15.00 mg;0.083 mg;2.16 mg;16.00 mg;0.012 mg;177.00 mg;302.00 mg;19.6 mcg;7.02 mg;18.87 g;1.077 g;1.243 g;1.693 g;0.198 g;2.985 g;0.861 g;0.612 g;0.129 g;0.803 g;1.518 g;1.650 g;0.536 g;0.718 g;0.776 g;0.725 g;0.830 g;0.213 g;0.651 g;0.853 g;0.00 g;0.0 g;0.00 g;0;0;0;0;0;0;14.99 g;6.387 g;7.274 g;0.614 g;70.00 mg;0.0 g;0.86 g;0.00 mg;0.00 mg;65.78 g
4534;Cereals ready-to-eat, KELLOGG'S SPECIAL K, KELLOGG;100 g;377;1.8g;0.4g;0;667.00 mg;11.0 mg;1290.00 mcg;1271.00 mcg;22.600 mg;0;1.910 mg;1.690 mg;1667.00 IU;500.00 mcg;0.00 mcg;0.00 mcg;0.00 mcg;0.00 mcg;0;19.40 mcg;6.440 mg;68.0 mg;134.00 IU;15.30 mg;15.30 mg;0.1 mcg;23.00 mg;0.179 mg;28.00 mg;12.00 mg;0;48.00 mg;53.00 mg;54.9 mcg;0.69 mg;17.79 g;0;0;0;0;0;0;0;0;0;0;0;0;0;0;0;0;0;0;0;73.40 g;1.4 g;12.69 g;0;0;0;0;0;0;1.79 g;0.400 g;0.300 g;0.400 g;0.00 mg;0.0 g;4.00 g;0.00 mg;0.00 mg;3.00 g
2824;Rice, uncooked, unenriched, glutinous, white;100 g;370;0.6g;0.1g;0;7.00 mg;0;7.00 mcg;0.00 mcg;2.145 mg;0.824 mg;0.055 mg;0.180 mg;0.00 IU;0.00 mcg;0;0;0;0;0;0.00 mcg;0.107 mg;0.0 mg;0.00 IU;0;0;0;11.00 mg;0.171 mg;1.60 mg;23.00 mg;0.974 mg;71.00 mg;77.00 mg;15.1 mcg;1.20 mg;6.81 g;0.395 g;0.568 g;0.640 g;0.140 g;1.328 g;0.310 g;0.160 g;0;0.294 g;0.563 g;0.246 g;0.160 g;0.364 g;0.321 g;0.358 g;0.244 g;0.079 g;0.228 g;0.416 g;81.68 g;2.8 g;0;0;0;0;0;0;0;0.55 g;0.111 g;0.200 g;0.198 g;0.00 mg;0;0.49 g;0;0;10.46 g
7952;Chicken, original seasoning, rotisserie, cooked, meat and skin, back, broilers or fryers;100 g;260;19g;4.9g;128mg;584.00 mg;58.9 mg;9.00 mcg;0.00 mcg;5.928 mg;1.200 mg;0.185 mg;0.068 mg;92.00 IU;28.00 mcg;0.00 mcg;0.00 mcg;0.00 mcg;0.00 mcg;0;0.68 mcg;0.139 mg;0.0 mg;0;0.28 mg;0.28 mg;0.0 mcg;35.00 mg;0.069 mg;0.97 mg;23.00 mg;0.026 mg;249.00 mg;291.00 mg;40.1 mcg;1.77 mg;23.23 g;1.395 g;1.466 g;2.152 g;0.256 g;3.453 g;1.534 g;0.710 g;0.257 g;1.042 g;1.808 g;1.895 g;0.718 g;0.861 g;1.332 g;0.716 g;0.669 g;0.227 g;0.656 g;1.185 g;0.03 g;0.0 g;0.03 g;0.00 g;0.00 g;0.00 g;0.00 g;0.00 g;0.03 g;18.59 g;4.924 g;8.162 g;2.723 g;128.00 mg;0.0 g;2.36 g;0.00 mg;0.00 mg;56.44 g
2284;Braunschweiger (a liver sausage), pork;100 g;327;29g;9.3g;180mg;977.00 mg;255.9 mg;44.00 mcg;0.00 mcg;8.368 mg;3.380 mg;1.525 mg;0.249 mg;14051.00 IU;4220.00 mcg;0.00 mcg;0.00 mcg;0.00 mcg;0.00 mcg;0;20.09 mcg;0.330 mg;0.0 mg;48.00 IU;0.35 mg;0.35 mg;1.6 mcg;9.00 mg;0.240 mg;11.20 mg;11.00 mg;0.155 mg;168.00 mg;199.00 mg;58.0 mcg;2.81 mg;14.50 g;0.762 g;0.767 g;1.125 g;0.248 g;1.631 g;0.886 g;0.320 g;0;0.484 g;1.032 g;0.909 g;0.311 g;0.553 g;0.767 g;0.588 g;0.534 g;0.145 g;0.430 g;0.616 g;3.10 g;0.0 g;0.00 g;0;0;0;0;0;0;28.50 g;9.307 g;12.731 g;3.193 g;180.00 mg;0.0 g;3.30 g;0.00 mg;0.00 mg;50.60 g
3829;Bratwurst, smoked, lite, beef and turkey, pork;100 g;186;14g;;56mg;982.00 mg;0;5.00 mcg;0.00 mcg;1.847 mg;0.413 mg;0.166 mg;0.090 mg;1.00 IU;0.00 mcg;0.00 mcg;0.00 mcg;0.00 mcg;0.00 mcg;0;1.60 mcg;0.213 mg;0.0 mg;0;0;0;0;14.00 mg;0.063 mg;0.94 mg;14.00 mg;0.015 mg;132.00 mg;246.00 mg;20.2 mcg;2.68 mg;14.45 g;0.804 g;0.855 g;1.184 g;0.155 g;2.036 g;0.814 g;0.426 g;0;0.613 g;1.044 g;1.092 g;0.334 g;0.519 g;0.770 g;0.562 g;0.565 g;0.145 g;0.448 g;0.661 g;1.62 g;0.0 g;1.57 g;0;0;0;0;0;0;13.53 g;0;7.165 g;0.846 g;56.00 mg;0.0 g;4.51 g;0.00 mg;0.00 mg;65.89 g
8746;"Beef, roasted, cooked, choice, trimmed to 1/8"" fat, separable lean and fat, roast, tip round, round";100 g;228;12g;4.6g;82mg;63.00 mg;103.9 mg;8.00 mcg;0.00 mcg;3.570 mg;0.440 mg;0.250 mg;0.090 mg;0.00 IU;0.00 mcg;0.00 mcg;0.00 mcg;0.00 mcg;0.00 mcg;0;2.79 mcg;0.380 mg;0.0 mg;8.00 IU;0.18 mg;0.18 mg;1.5 mcg;6.00 mg;0.119 mg;2.79 mg;25.00 mg;0.016 mg;229.00 mg;365.00 mg;26.8 mcg;6.62 mg;27.27 g;1.645 g;1.723 g;2.491 g;0.305 g;4.097 g;1.488 g;0.934 g;0;1.226 g;2.155 g;2.269 g;0.698 g;1.065 g;1.204 g;1.043 g;1.191 g;0.305 g;0.916 g;1.326 g;0.00 g;0.0 g;0.00 g;0;0;0;0;0;0;12.34 g;4.630 g;5.110 g;0.480 g;82.00 mg;0.0 g;1.12 g;0.00 mg;0.00 mg;60.92 g
4721;Sweet potato, without salt, baked, cooked, frozen;100 g;100;0.1g;;0;8.00 mg;0;22.00 mcg;0.00 mcg;0.555 mg;0.560 mg;0.056 mg;0.066 mg;20870.00 IU;1043.00 mcg;47.00 mcg;12498.00 mcg;0.00 mcg;0.00 mcg;0;0.00 mcg;0.186 mg;9.1 mg;0.00 IU;0.77 mg;0.77 mg;2.5 mcg;35.00 mg;0.183 mg;0.54 mg;21.00 mg;0.665 mg;44.00 mg;377.00 mg;0.6 mcg;0.30 mg;1.71 g;0.094 g;0.080 g;0.293 g;0.014 g;0.168 g;0.078 g;0.032 g;0;0.086 g;0.126 g;0.084 g;0.042 g;0.103 g;0.075 g;0.089 g;0.085 g;0.021 g;0.070 g;0.112 g;23.40 g;1.8 g;9.17 g;0;0;0;0;0;0;0.12 g;0.025 g;0.005 g;0.049 g;0.00 mg;0.0 g;1.07 g;0.00 mg;0.00 mg;73.70 g
2052;Babyfood, toddler, macaroni and cheese;100 g;82;2.6g;1.5g;7mg;112.00 mg;3.2 mg;25.00 mcg;22.00 mcg;0.790 mg;0;0.090 mg;0.040 mg;73.00 IU;19.00 mcg;0.00 mcg;6.00 mcg;0.00 mcg;2.00 mcg;0;0.06 mcg;0.050 mg;0.0 mg;2.00 IU;0.03 mg;0.03 mg;0.2 mcg;102.00 mg;0.041 mg;0.60 mg;9.00 mg;0;81.00 mg;18.00 mg;6.6 mcg;0.43 mg;3.50 g;0;0;0;0;0;0;0;0;0;0;0;0;0;0;0;0;0;0;0;11.20 g;0.5 g;0.79 g;0.01 g;0.00 g;0.02 g;0.02 g;0.27 g;0;2.60 g;1.530 g;0.700 g;0.170 g;7.00 mg;0.0 g;1.00 g;0.00 mg;0.00 mg;81.70 g
5453;Soup, prepared with equal volume water, canned, mushroom barley;100 g;30;0.9g;0.2g;0;365.00 mg;0;2.00 mcg;0.00 mcg;0.360 mg;0.050 mg;0.036 mg;0.010 mg;81.00 IU;4.00 mcg;0;0;0;0;0;0.00 mcg;0.070 mg;0.0 mg;0;0;0;0;5.00 mg;0.100 mg;0.21 mg;4.00 mg;0.050 mg;25.00 mg;38.00 mg;0;0.20 mg;0.77 g;0;0;0;0;0;0;0;0;0;0;0;0;0;0;0;0;0;0;0;4.80 g;0.3 g;0;0;0;0;0;0;0;0.93 g;0.180 g;0.410 g;0.290 g;0.00 mg;0;1.10 g;0;0;92.40 g
188;PACE, Red Taco Sauce;100 g;50;0g;;0;813.00 mg;0;0;0;0;0;0;0;625.00 IU;0;0;0;0;0;0;0;0;0.0 mg;0;0;0;0;0.00 mg;0;0.00 mg;0;0;0;0;0;0;0.00 g;0;0;0;0;0;0;0;0;0;0;0;0;0;0;0;0;0;0;0;12.50 g;0.0 g;6.25 g;0;0;0;0;0;0;0.00 g;0.000 g;0;0;0.00 mg;0;2.20 g;0;0;85.30 g
3686;Beets, solids and liquids, regular pack, canned;100 g;30;0.1g;;0;143.00 mg;7.2 mg;29.00 mcg;0.00 mcg;0.151 mg;0.150 mg;0.038 mg;0.010 mg;23.00 IU;1.00 mcg;0.00 mcg;14.00 mcg;0.00 mcg;0.00 mcg;0;0.00 mcg;0.055 mg;2.8 mg;0.00 IU;0.03 mg;0.03 mg;0.2 mcg;18.00 mg;0.043 mg;0.73 mg;18.00 mg;0.411 mg;15.00 mg;159.00 mg;0.1 mcg;0.34 mg;0.73 g;0.030 g;0.021 g;0.058 g;0.010 g;0.213 g;0.015 g;0.011 g;0;0.024 g;0.034 g;0.029 g;0.009 g;0.023 g;0.020 g;0.029 g;0.023 g;0.010 g;0.019 g;0.028 g;7.14 g;1.2 g;6.53 g;0.20 g;0.80 g;0.28 g;0.00 g;0.00 g;5.25 g;0.09 g;0.011 g;0.013 g;0.025 g;0.00 mg;0.0 g;0.74 g;0;0;91.30 g
4695;MURRAY, Coconut Bars Cookies, COOKIE JAR CLASSICS;100 g;461;16g;5.3g;0;488.00 mg;0;105.00 mcg;0;4.000 mg;0;0.340 mg;0.530 mg;0;0;0;0;0;0;0;0;0.030 mg;0;0;0;0;0;0;0;3.30 mg;16.00 mg;0;79.00 mg;79.00 mg;0;0.50 mg;7.10 g;0;0;0;0;0;0;0;0;0;0;0;0;0;0;0;0;0;0;0;73.90 g;2.0 g;22.60 g;0;0;0;0;0;0;15.70 g;5.300 g;3.400 g;5.700 g;0.00 mg;0;0;0;0;2.50 g
6889;Shortening confectionery, coconut (hydrogenated) and or palm kernel (hydrogenated);100 g;884;100g;91g;0;0.00 mg;0.3 mg;0.00 mcg;0.00 mcg;0.000 mg;0.000 mg;0.000 mg;0.000 mg;0.00 IU;0.00 mcg;0.00 mcg;0.00 mcg;0.00 mcg;0.00 mcg;0;0.00 mcg;0.000 mg;0.0 mg;0.00 IU;1.95 mg;1.95 mg;43.0 mcg;0.00 mg;0.000 mg;0.00 mg;0.00 mg;0;0.00 mg;0.00 mg;0.0 mcg;0.00 mg;0.00 g;0.000 g;0.000 g;0.000 g;0.000 g;0.000 g;0.000 g;0.000 g;0;0.000 g;0.000 g;0.000 g;0.000 g;0.000 g;0.000 g;0.000 g;0.000 g;0.000 g;0.000 g;0.000 g;0.00 g;0.0 g;0.00 g;0;0;0;0;0;0;100.00 g;91.300 g;2.200 g;1.000 g;0.00 mg;0.0 g;0.00 g;0.00 mg;0.00 mg;0.00 g
7904;"Beef, simmered, cooked, choice, trimmed to 1/4"" fat, separable lean only, shank crosscuts";100 g;201;6.4g;2.3g;78mg;64.00 mg;0;10.00 mcg;0.00 mcg;5.890 mg;0.410 mg;0.210 mg;0.140 mg;0.00 IU;0.00 mcg;0;0;0;0;0;3.79 mcg;0.370 mg;0.0 mg;0;0;0;0;32.00 mg;0.172 mg;3.86 mg;30.00 mg;0.020 mg;263.00 mg;447.00 mg;30.0 mcg;10.49 mg;33.68 g;2.032 g;2.129 g;3.077 g;0.377 g;5.060 g;1.838 g;1.153 g;0;1.514 g;2.662 g;2.802 g;0.862 g;1.315 g;1.487 g;1.288 g;1.471 g;0.377 g;1.132 g;1.638 g;0.00 g;0.0 g;0;0;0;0;0;0;0;6.36 g;2.290 g;2.860 g;0.210 g;78.00 mg;0;2.39 g;0;0;58.21 g
3034;KEEBLER, Vienna Fingers with Creme Filling;100 g;492;20g;6.7g;0;301.00 mg;0;71.00 mcg;0;2.200 mg;0;0.200 mg;0.300 mg;0;0;0;0;0;0;0;0;0;0;0;0;0;0;0;0;3.35 mg;0;0;54.00 mg;7.00 mg;0;0;4.50 g;0;0;0;0;0;0;0;0;0;0;0;0;0;0;0;0;0;0;0;73.20 g;1.5 g;33.60 g;0;0;0;0;0;0;20.10 g;6.700 g;3.700 g;9.300 g;0.00 mg;0;0;0;0;2.50 g
7576;"Beef, grilled, cooked, select, trimmed to 0"" fat, separable lean only, boneless, ribeye cap steak";100 g;226;13g;5g;73mg;79.00 mg;0;6.00 mcg;0.00 mcg;4.057 mg;0;0.382 mg;0.079 mg;8.00 IU;2.00 mcg;0.00 mcg;0.00 mcg;0.00 mcg;0.00 mcg;0;3.36 mcg;0.410 mg;0.0 mg;4.00 IU;0;0;1.6 mcg;6.00 mg;0.127 mg;3.22 mg;24.00 mg;0;219.00 mg;346.00 mg;32.2 mcg;9.99 mg;25.28 g;1.787 g;2.028 g;2.916 g;0.304 g;4.893 g;1.293 g;1.141 g;0.128 g;1.394 g;2.599 g;2.916 g;0.799 g;1.192 g;1.280 g;1.230 g;1.407 g;0.330 g;1.128 g;1.471 g;1.10 g;0.0 g;0.00 g;0;0;0;0;0;0;13.43 g;4.974 g;6.050 g;0.513 g;73.00 mg;0.0 g;0.93 g;0.00 mg;0.00 mg;59.26 g
1109;Pork, raw, backfat, fresh;100 g;812;89g;32g;57mg;11.00 mg;15.4 mg;1.00 mcg;0.00 mcg;0.985 mg;0.115 mg;0.051 mg;0.084 mg;15.00 IU;5.00 mcg;0.00 mcg;0.00 mcg;0.00 mcg;0.00 mcg;0;0.18 mcg;0.040 mg;0.1 mg;122.00 IU;0.00 mg;0.00 mg;0.0 mcg;2.00 mg;0.018 mg;0.18 mg;2.00 mg;0.002 mg;38.00 mg;65.00 mg;8.0 mcg;0.37 mg;2.92 g;0.170 g;0.182 g;0.271 g;0.037 g;0.457 g;0.139 g;0.117 g;0;0.137 g;0.234 g;0.263 g;0.077 g;0.117 g;0.117 g;0.121 g;0.133 g;0.037 g;0.102 g;0.158 g;0.00 g;0.0 g;0.00 g;0;0;0;0;0;0;88.69 g;32.210 g;41.950 g;10.350 g;57.00 mg;0.0 g;0.70 g;0.00 mg;0.00 mg;7.69 g
6462;Margarine-like spread, SMART BEAT Super Light without saturated fat;100 g;158;17g;2.2g;0;755.00 mg;0;0;0;0;0;0;0;4489.00 IU;0;0;0;0;0;0;0;0;0;0;1.70 mg;1.70 mg;12.3 mcg;0;0;0;0;0;0.00 mg;12.00 mg;0;0;0.00 g;0;0;0;0;0;0;0;0;0;0;0;0;0;0;0;0;0;0;0;0.00 g;0.0 g;0.00 g;0;0;0;0;0;0;17.10 g;2.220 g;7.600 g;3.980 g;0.00 mg;0;1.91 g;0;0;80.83 g
4731;Fast foods, french fried in vegetable oil, potato;100 g;312;15g;2.3g;0;210.00 mg;36.8 mg;30.00 mcg;0.00 mcg;3.004 mg;0.580 mg;0.039 mg;0.170 mg;0.00 IU;0.00 mcg;0.00 mcg;0.00 mcg;0.00 mcg;27.00 mcg;0;0.00 mcg;0.372 mg;4.7 mg;0.00 IU;1.67 mg;1.67 mg;11.2 mcg;18.00 mg;0.124 mg;0.81 mg;35.00 mg;0.247 mg;125.00 mg;579.00 mg;0.9 mcg;0.50 mg;3.43 g;0;0;0;0;0;0;0;0;0;0;0;0;0;0;0;0;0;0;0;41.44 g;3.8 g;0.30 g;0;0;0;0;0;0;14.73 g;2.336 g;5.969 g;5.398 g;0.00 mg;0.0 g;1.85 g;0.00 mg;0.00 mg;38.55 g
6554;Beef, raw, separable lean only, bolar blade, imported, New Zealand;100 g;129;4.5g;1.3g;56mg;55.00 mg;0;0;0;3.142 mg;0.546 mg;0.109 mg;0.048 mg;21.00 IU;6.00 mcg;0.00 mcg;0.00 mcg;0.00 mcg;0.00 mcg;0;1.80 mcg;0.331 mg;0.0 mg;5.00 IU;0.40 mg;0.40 mg;0;4.00 mg;0.145 mg;2.06 mg;22.00 mg;0.013 mg;190.00 mg;325.00 mg;1.0 mcg;3.63 mg;22.09 g;1.150 g;1.453 g;0;0;3.081 g;1.203 g;0.796 g;0;0.918 g;1.667 g;1.749 g;0.727 g;0.859 g;0.709 g;0.777 g;0.800 g;0.231 g;0.743 g;0.975 g;0.00 g;0.0 g;0.00 g;0;0;0;0;0;0;4.49 g;1.347 g;1.680 g;0.242 g;56.00 mg;0.0 g;0.98 g;0.00 mg;0.00 mg;73.11 g
925;Cereals, dry, CREAM OF RICE;100 g;370;0.5g;0.1g;0;6.00 mg;5.9 mg;29.00 mcg;0.00 mcg;7.460 mg;0.550 mg;0.130 mg;0.510 mg;0.00 IU;0.00 mcg;0.00 mcg;0.00 mcg;0.00 mcg;0.00 mcg;0;0.00 mcg;0.195 mg;0.0 mg;0.00 IU;0.11 mg;0.11 mg;0.1 mcg;5.00 mg;0.244 mg;28.44 mg;23.00 mg;1.033 mg;124.00 mg;143.00 mg;19.0 mcg;1.12 mg;6.30 g;0.259 g;0.513 g;0.576 g;0.107 g;1.004 g;0.362 g;0.189 g;0;0.332 g;0.520 g;0.265 g;0.187 g;0.267 g;0.263 g;0.284 g;0.314 g;0.092 g;0.351 g;0.407 g;82.40 g;0.7 g;0.30 g;0;0;0;0;0;0;0.50 g;0.136 g;0.156 g;0.134 g;0.00 mg;0.0 g;0.40 g;0.00 mg;0.00 mg;10.50 g
5473;Veal, grilled, cooked, separable lean only, blade chop, shoulder;100 g;159;5.5g;2.1g;77mg;113.00 mg;137.8 mg;7.00 mcg;0.00 mcg;5.140 mg;1.180 mg;0.480 mg;0.110 mg;0.00 IU;0.00 mcg;0.00 mcg;0.00 mcg;0.00 mcg;0.00 mcg;0;3.66 mcg;0.435 mg;0.0 mg;40.00 IU;0.47 mg;0.47 mg;1.3 mcg;21.00 mg;0.150 mg;1.65 mg;34.00 mg;0.009 mg;253.00 mg;245.00 mg;18.4 mcg;5.07 mg;27.33 g;1.626 g;1.608 g;2.358 g;0.308 g;4.323 g;1.404 g;0.992 g;0.138 g;1.346 g;2.175 g;2.252 g;0.638 g;1.103 g;1.141 g;1.024 g;1.194 g;0.277 g;0.871 g;1.511 g;0.00 g;0.0 g;0.00 g;0;0;0;0;0;0;5.53 g;2.092 g;2.677 g;0.315 g;77.00 mg;0.0 g;0.95 g;0.00 mg;0.00 mg;66.44 g
4424;Babyfood, strained, applesauce and pineapple, fruit;100 g;37;0.1g;;0;2.00 mg;0;2.00 mcg;0.00 mcg;0.078 mg;0.101 mg;0.026 mg;0.021 mg;0.00 IU;0.00 mcg;0;0;0;0;0;0.00 mcg;0.039 mg;28.1 mg;0;0.60 mg;0.60 mg;0;4.00 mg;0.035 mg;0.10 mg;3.00 mg;0;6.00 mg;78.00 mg;0.3 mcg;0.02 mg;0.10 g;0;0;0;0;0;0;0;0;0;0;0;0;0;0;0;0;0;0;0;10.10 g;1.5 g;0;0;0;0;0;0;0;0.10 g;0.010 g;0.009 g;0.032 g;0.00 mg;0.0 g;0.20 g;0;0;89.50 g
8178;"Beef, grilled, cooked, all grades, trimmed to 0"" fat, separable lean and fat, Denver Cut, boneless, under blade center steak, chuck";100 g;227;14g;5.7g;93mg;73.00 mg;90.0 mg;6.00 mcg;0.00 mcg;3.591 mg;0.909 mg;0.243 mg;0.089 mg;23.00 IU;7.00 mcg;0.00 mcg;0.00 mcg;0.00 mcg;0.00 mcg;0;3.68 mcg;0.413 mg;0.0 mg;5.00 IU;0.08 mg;0.08 mg;1.6 mcg;13.00 mg;0.108 mg;3.26 mg;23.00 mg;0.016 mg;202.00 mg;310.00 mg;29.9 mcg;9.85 mg;26.18 g;1.493 g;1.723 g;2.348 g;0.275 g;4.140 g;1.194 g;0.848 g;0.179 g;1.113 g;2.106 g;2.289 g;0.743 g;0.996 g;1.076 g;1.005 g;1.152 g;0.295 g;0.903 g;1.183 g;0.21 g;0.0 g;0.00 g;0;0;0;0;0;0;13.54 g;5.692 g;6.809 g;0.790 g;93.00 mg;0.0 g;0.99 g;0.00 mg;0.00 mg;59.08 g
5474;Cereals ready-to-eat, KELLOGG'S MARSHMALLOW FROOT LOOPS, KELLOGG;100 g;376;2.8g;1.5g;0;393.00 mg;5.8 mg;345.00 mcg;326.00 mcg;17.200 mg;0;1.470 mg;1.280 mg;1724.00 IU;507.00 mcg;12.00 mcg;19.00 mcg;0.00 mcg;283.00 mcg;0;5.19 mcg;1.720 mg;52.0 mg;138.00 IU;0.30 mg;0.30 mg;0.6 mcg;9.00 mg;0.086 mg;15.50 mg;25.00 mg;0;65.00 mg;95.00 mg;8.5 mcg;5.19 mg;4.59 g;0;0;0;0;0;0;0;0;0;0;0;0;0;0;0;0;0;0;0;89.30 g;7.4 g;49.90 g;0;0;0;0;0;0;2.79 g;1.500 g;0.500 g;0.690 g;0.00 mg;0.0 g;0.80 g;0.00 mg;0.00 mg;2.50 g
6428;PREGO Pasta, ready-to-serve, Basil and Garlic Italian Sauce, Tomato;100 g;64;2g;;0;336.00 mg;0;0;0;0;0;0;0;400.00 IU;0;0;0;0;0;0;0;0;1.0 mg;0;0;0;0;16.00 mg;0;0.58 mg;0;0;0;320.00 mg;0;0;1.60 g;0;0;0;0;0;0;0;0;0;0;0;0;0;0;0;0;0;0;0;9.60 g;2.4 g;7.20 g;0;0;0;0;0;0;2.00 g;0.000 g;0;0;0.00 mg;0;2.90 g;0;0;83.50 g
4737;"Fast foods, large patty; plain, hamburger; single";100 g;311;17g;6.1g;52mg;346.00 mg;0;44.00 mcg;21.00 mcg;4.560 mg;0.390 mg;0.210 mg;0.210 mg;0.00 IU;0.00 mcg;0;0;0;0;0;1.50 mcg;0.170 mg;0.0 mg;0;0;0;0;54.00 mg;0.095 mg;2.61 mg;20.00 mg;0.178 mg;128.00 mg;195.00 mg;19.8 mcg;3.00 mg;16.51 g;0.956 g;1.004 g;1.347 g;0.186 g;3.150 g;1.081 g;0.482 g;0;0.692 g;1.270 g;1.153 g;0.354 g;0.663 g;1.041 g;0.679 g;0.639 g;0.200 g;0.482 g;0.799 g;23.16 g;0;0;0;0;0;0;0;0;16.73 g;6.120 g;7.210 g;1.560 g;52.00 mg;0;1.50 g;0;0;42.10 g
1561;Fish, raw, wild, Atlantic, salmon;100 g;142;6.3g;1g;55mg;44.00 mg;0;25.00 mcg;0.00 mcg;7.860 mg;1.664 mg;0.380 mg;0.226 mg;40.00 IU;12.00 mcg;0;0;0;0;0;3.18 mcg;0.818 mg;0.0 mg;0;0;0;0;12.00 mg;0.250 mg;0.80 mg;29.00 mg;0.016 mg;200.00 mg;490.00 mg;36.5 mcg;0.64 mg;19.84 g;1.200 g;1.187 g;2.032 g;0.213 g;2.962 g;0.952 g;0.584 g;0;0.914 g;1.613 g;1.822 g;0.587 g;0.775 g;0.702 g;0.809 g;0.870 g;0.222 g;0.670 g;1.022 g;0.00 g;0.0 g;0;0;0;0;0;0;0;6.34 g;0.981 g;2.103 g;2.539 g;55.00 mg;0;2.54 g;0;0;68.50 g
5353;Alcoholic beverage, Muller Thurgau, white, table, wine;100 g;76;0g;;0;0;0;0;0;0;0;0;0;0;0;0;0;0;0;0;0;0;0;0;0;0;0;0;0;0;0;0;0;0;0;0;0.07 g;0;0;0;0;0;0;0;0;0;0;0;0;0;0;0;0;0;0;0;3.48 g;0;0;0;0;0;0;0;0;0.00 g;0;0;0;0;9.0 g;0.15 g;0;0;87.28 g
327;Turnip greens, raw;100 g;32;0.3g;0.1g;0;40.00 mg;0;194.00 mcg;0.00 mcg;0.600 mg;0.380 mg;0.100 mg;0.070 mg;11587.00 IU;579.00 mcg;0.00 mcg;6952.00 mcg;0.00 mcg;12825.00 mcg;0;0.00 mcg;0.263 mg;60.0 mg;0.00 IU;2.86 mg;2.86 mg;251.0 mcg;190.00 mg;0.350 mg;1.10 mg;31.00 mg;0.466 mg;42.00 mg;296.00 mg;1.2 mcg;0.19 mg;1.50 g;0.103 g;0.094 g;0.158 g;0.017 g;0.204 g;0.090 g;0.036 g;0;0.078 g;0.137 g;0.098 g;0.034 g;0.092 g;0.071 g;0.061 g;0.082 g;0.026 g;0.058 g;0.102 g;7.13 g;3.2 g;0.81 g;0.29 g;0;0.52 g;0;0;0;0.30 g;0.070 g;0.020 g;0.120 g;0.00 mg;0.0 g;1.40 g;0.00 mg;0.00 mg;89.67 g
5775;Biscuits, higher fat, refrigerated dough, plain or buttermilk;100 g;307;11g;2.8g;1mg;977.00 mg;0;57.00 mcg;46.00 mcg;3.308 mg;0.346 mg;0.290 mg;0.391 mg;8.00 IU;2.00 mcg;0.00 mcg;0.00 mcg;0.00 mcg;8.00 mcg;0;0.05 mcg;0.063 mg;0.1 mg;0;0.69 mg;0.69 mg;6.2 mcg;51.00 mg;0.090 mg;2.48 mg;17.00 mg;0.438 mg;470.00 mg;162.00 mg;8.0 mcg;0.50 mg;6.66 g;0.172 g;0.210 g;0.266 g;0.123 g;1.578 g;0.177 g;0.121 g;0;0.215 g;0.393 g;0.206 g;0.095 g;0.240 g;0.574 g;0.246 g;0.171 g;0.064 g;0.101 g;0.256 g;46.32 g;0.7 g;7.40 g;0;0;0;0;0;0;10.58 g;2.806 g;6.559 g;0.681 g;1.00 mg;0.0 g;3.30 g;0.00 mg;0.00 mg;33.15 g
1509;Cranberry sauce, sweetened, canned;100 g;159;0.2g;;0;5.00 mg;3.8 mg;1.00 mcg;0.00 mcg;0.100 mg;0;0.021 mg;0.015 mg;33.00 IU;2.00 mcg;0.00 mcg;20.00 mcg;0.00 mcg;48.00 mcg;0;0.00 mcg;0.014 mg;1.0 mg;0.00 IU;0.93 mg;0.93 mg;1.4 mcg;3.00 mg;0.026 mg;0.41 mg;2.00 mg;0.073 mg;4.00 mg;28.00 mg;0.4 mcg;0.03 mg;0.90 g;0;0;0;0;0;0;0;0;0;0;0;0;0;0;0;0;0;0;0;40.40 g;1.1 g;31.75 g;9.75 g;0.00 g;17.45 g;0.00 g;4.45 g;0.10 g;0.15 g;0.007 g;0.007 g;0.031 g;0.00 mg;0.0 g;0.10 g;0.00 mg;0.00 mg;58.45 g
3688;Tomatoes, with green chilies, canned, ripe, red;100 g;15;0.1g;;0;401.00 mg;0;9.00 mcg;0.00 mcg;0.640 mg;0.148 mg;0.019 mg;0.034 mg;390.00 IU;20.00 mcg;0;0;0;0;0;0.00 mcg;0.103 mg;6.2 mg;0.00 IU;0;0;0;20.00 mg;0.090 mg;0.26 mg;11.00 mg;0.132 mg;14.00 mg;107.00 mg;0.4 mcg;0.13 mg;0.69 g;0;0;0;0;0;0;0;0;0;0;0;0;0;0;0;0;0;0;0;3.62 g;0;0;0;0;0;0;0;0;0.08 g;0.011 g;0.011 g;0.030 g;0.00 mg;0;1.39 g;0;0;94.23 g
4275;MORNINGSTAR FARMS Grillers Prime, unprepared, frozen;100 g;238;13g;1.6g;1mg;501.00 mg;0;0;0;0;0;0.200 mg;0.300 mg;0.00 IU;0;0;0;0;0;0;0;0;0.0 mg;0;0;0;0;58.00 mg;0;2.80 mg;0;0;0;224.00 mg;0;1.20 mg;24.00 g;0;0;0;0;0;0;0;0;0;0;0;0;0;0;0;0;0;0;0;5.90 g;2.6 g;0.30 g;0;0;0;0;0;0;13.20 g;1.600 g;5.600 g;6.000 g;1.00 mg;0;2.60 g;0;0;54.30 g
8062;"Beef, raw, choice, trimmed to 0"" fat, separable lean only, boneless, short ribs, chuck";100 g;175;11g;4.6g;73mg;81.00 mg;74.3 mg;3.00 mcg;0.00 mcg;3.567 mg;0.740 mg;0.200 mg;0.080 mg;6.00 IU;2.00 mcg;0.00 mcg;0.00 mcg;0.00 mcg;0.00 mcg;0;3.32 mcg;0.311 mg;0.0 mg;5.00 IU;0.17 mg;0.17 mg;1.5 mcg;11.00 mg;0.079 mg;2.53 mg;21.00 mg;0.014 mg;187.00 mg;313.00 mg;22.3 mcg;8.25 mg;19.38 g;1.120 g;1.303 g;1.784 g;0.206 g;3.156 g;0.863 g;0.639 g;0.098 g;0.848 g;1.604 g;1.743 g;0.565 g;0.755 g;0.798 g;0.761 g;0.878 g;0.222 g;0.687 g;0.896 g;0.29 g;0.0 g;0.00 g;0;0;0;0;0;0;10.70 g;4.550 g;5.723 g;0.427 g;73.00 mg;0.0 g;0.90 g;0.00 mg;0.00 mg;68.73 g
5446;Pork, raw, separable lean only, shank half, leg (ham), fresh;100 g;119;3g;0.9g;66mg;90.00 mg;74.4 mg;0.00 mcg;0.00 mcg;6.273 mg;0.622 mg;0.343 mg;0.522 mg;9.00 IU;3.00 mcg;0.00 mcg;0.00 mcg;0.00 mcg;0.00 mcg;0;0.51 mcg;0.531 mg;0.0 mg;11.00 IU;0.29 mg;0.29 mg;0.0 mcg;12.00 mg;0.142 mg;0.77 mg;21.00 mg;0.026 mg;224.00 mg;329.00 mg;21.3 mcg;2.25 mg;21.66 g;1.240 g;1.395 g;2.026 g;0.244 g;3.308 g;0.979 g;0.881 g;0.076 g;1.025 g;1.782 g;1.926 g;0.594 g;0.900 g;0.876 g;0.904 g;0.952 g;0.258 g;0.858 g;1.095 g;0.00 g;0.0 g;0.00 g;0;0;0;0;0;0;2.95 g;0.917 g;1.214 g;0.605 g;66.00 mg;0.0 g;1.11 g;0.00 mg;0.00 mg;74.88 g
6703;"Fast Food, regular crust, sausage topping, 14"" pizza, Pizza Chain";100 g;280;12g;5g;23mg;633.00 mg;26.3 mg;88.00 mcg;53.00 mcg;3.800 mg;0;0.190 mg;0.345 mg;352.00 IU;68.00 mcg;0.00 mcg;91.00 mcg;0.00 mcg;23.00 mcg;0;0.48 mcg;0.080 mg;1.7 mg;0.00 IU;0.91 mg;0.91 mg;6.7 mcg;144.00 mg;0.111 mg;2.41 mg;24.00 mg;0.352 mg;193.00 mg;197.00 mg;20.3 mcg;1.32 mg;11.50 g;0;0;0;0;0;0;0;0;0;0;0;0;0;0;0;0;0;0;0;30.62 g;2.3 g;3.32 g;1.00 g;0.09 g;0.80 g;0.30 g;0.93 g;0.20 g;12.35 g;5.033 g;4.049 g;2.352 g;23.00 mg;0.0 g;2.47 g;0.00 mg;0.00 mg;43.06 g
8650;"Beef, broiled, cooked, all grades, trimmed to 0"" fat, separable lean only, outside skirt steak, plate";100 g;233;14g;6g;91mg;94.00 mg;92.1 mg;8.00 mcg;0.00 mcg;4.331 mg;0;0.195 mg;0.119 mg;0.00 IU;0.00 mcg;0.00 mcg;0.00 mcg;0.00 mcg;0.00 mcg;0;4.30 mcg;0.495 mg;0.0 mg;0;0.11 mg;0.11 mg;0;10.00 mg;0.089 mg;2.66 mg;25.00 mg;0;221.00 mg;393.00 mg;18.7 mcg;5.72 mg;24.18 g;1.462 g;1.629 g;2.410 g;0.260 g;3.876 g;1.150 g;0.779 g;0.112 g;1.249 g;2.138 g;2.269 g;0.686 g;1.048 g;1.022 g;0.970 g;1.118 g;0.261 g;0.886 g;1.308 g;0.00 g;0.0 g;0.00 g;0;0;0;0;0;0;14.37 g;5.970 g;7.380 g;0.600 g;91.00 mg;0.0 g;0.95 g;0.00 mg;0.00 mg;59.17 g
5772;Snacks, original flavor, Multigrain Snack, SUNCHIPS, FRITOLAY;100 g;491;21g;2.2g;0;423.00 mg;14.8 mg;25.00 mcg;8.00 mcg;2.100 mg;0.900 mg;0.020 mg;0.140 mg;65.00 IU;3.00 mcg;19.00 mcg;29.00 mcg;0.00 mcg;441.00 mcg;0;0.00 mcg;0.200 mg;0.0 mg;0.00 IU;7.04 mg;7.04 mg;2.4 mcg;20.00 mg;0.227 mg;1.74 mg;76.00 mg;1.310 mg;222.00 mg;232.00 mg;12.2 mcg;1.65 mg;7.95 g;0.430 g;0.340 g;0.610 g;0.120 g;1.970 g;0.350 g;0.160 g;0.000 g;0.180 g;0.880 g;0.200 g;0.150 g;0.340 g;0.700 g;0.500 g;0.230 g;0.070 g;0.170 g;0.280 g;67.26 g;8.8 g;7.20 g;0.13 g;0.00 g;0.16 g;0.00 g;0.00 g;6.90 g;21.11 g;2.166 g;11.501 g;6.513 g;0.00 mg;0.0 g;1.63 g;0.00 mg;0.00 mg;2.04 g
1384;Sauce, ready-to-serve, verde, salsa;100 g;38;0.9g;;0;600.00 mg;7.9 mg;8.00 mcg;0.00 mcg;1.615 mg;0.154 mg;0.036 mg;0.046 mg;217.00 IU;11.00 mcg;10.00 mcg;123.00 mcg;5.00 mcg;422.00 mcg;0;0.00 mcg;0.083 mg;12.3 mg;0.00 IU;0.43 mg;0.43 mg;13.6 mcg;9.00 mg;0.081 mg;0.65 mg;19.00 mg;0.156 mg;41.00 mg;259.00 mg;0.8 mcg;0.25 mg;1.13 g;0;0;0;0;0;0;0;0;0;0;0;0;0;0;0;0;0;0;0;6.36 g;1.9 g;3.50 g;0;0;0;0;0;0;0.89 g;0.000 g;0.000 g;0.000 g;0.00 mg;0.0 g;2.10 g;0.00 mg;0.00 mg;89.52 g
747;Lemon grass (citronella), raw;100 g;99;0.5g;0.1g;0;6.00 mg;0;75.00 mcg;0.00 mcg;1.101 mg;0.050 mg;0.135 mg;0.065 mg;6.00 IU;0.00 mcg;0.00 mcg;3.00 mcg;0.00 mcg;0;0;0.00 mcg;0.080 mg;2.6 mg;0.00 IU;0;0;0;65.00 mg;0.266 mg;8.17 mg;60.00 mg;5.224 mg;101.00 mg;723.00 mg;0.7 mcg;2.23 mg;1.82 g;0;0;0;0;0;0;0;0;0;0;0;0;0;0;0;0;0;0;0;25.31 g;0;0;0;0;0;0;0;0;0.49 g;0.119 g;0.054 g;0.170 g;0.00 mg;0.0 g;1.80 g;0;0;70.58 g
5444;Pork, raw, separable lean and fat, boneless, Shoulder breast;100 g;127;3.4g;1.1g;60mg;54.00 mg;88.9 mg;0.00 mcg;0.00 mcg;9.602 mg;0.982 mg;0.465 mg;0.645 mg;0.00 IU;0.00 mcg;0.00 mcg;0.00 mcg;0.00 mcg;0.00 mcg;0;0.87 mcg;0.722 mg;0.0 mg;0;0.08 mg;0.08 mg;0.0 mcg;7.00 mg;0.076 mg;0.89 mg;26.00 mg;0.014 mg;229.00 mg;378.00 mg;25.8 mcg;1.95 mg;22.54 g;1.291 g;1.453 g;2.109 g;0.254 g;3.444 g;1.019 g;0.917 g;0.079 g;1.068 g;1.856 g;2.005 g;0.618 g;0.937 g;0.912 g;0.942 g;0.991 g;0.268 g;0.893 g;1.140 g;0.00 g;0.0 g;0.00 g;0;0;0;0;0;0;3.40 g;1.074 g;1.473 g;0.488 g;60.00 mg;0.0 g;1.07 g;0.00 mg;0.00 mg;74.37 g
8137;Infant formula, 24 calories ready-to-feed Low iron, Premature, ENFAMIL, MEAD JOHNSON;100 g;67;3.3g;1.3g;0;38.00 mg;13.2 mg;26.00 mcg;26.00 mcg;2.623 mg;0.787 mg;0.197 mg;0.131 mg;828.00 IU;248.00 mcg;0.00 mcg;0.00 mcg;0.00 mcg;0.00 mcg;0;0.16 mcg;0.098 mg;13.1 mg;157.00 IU;1.86 mg;1.86 mg;5.2 mcg;108.00 mg;0.079 mg;0.33 mg;6.00 mg;0.004 mg;54.00 mg;64.00 mg;1.8 mcg;0.98 mg;1.97 g;0;0;0;0;0;0;0;0;0;0;0;0;0;0;0;0;0;0;0;7.19 g;0.0 g;7.21 g;0;0;0;0;0;0;3.34 g;1.339 g;0.850 g;1.169 g;0.00 mg;0.0 g;0.27 g;0.00 mg;0.00 mg;87.23 g
1343;Nuts, raw, cashew nuts;100 g;553;44g;7.8g;0;12.00 mg;0;25.00 mcg;0.00 mcg;1.062 mg;0.864 mg;0.058 mg;0.423 mg;0.00 IU;0.00 mcg;0.00 mcg;0.00 mcg;0.00 mcg;22.00 mcg;0;0.00 mcg;0.417 mg;0.5 mg;0.00 IU;0.90 mg;0.90 mg;34.1 mcg;37.00 mg;2.195 mg;6.68 mg;292.00 mg;1.655 mg;593.00 mg;660.00 mg;19.9 mcg;5.78 mg;18.22 g;0.837 g;2.123 g;1.795 g;0.393 g;4.506 g;0.937 g;0.456 g;0;0.789 g;1.472 g;0.928 g;0.362 g;0.951 g;0.812 g;1.079 g;0.688 g;0.287 g;0.508 g;1.094 g;30.19 g;3.3 g;5.91 g;0.05 g;0.00 g;0.05 g;0.00 g;0.00 g;5.81 g;43.85 g;7.783 g;23.797 g;7.845 g;0.00 mg;0;2.54 g;0;0;5.20 g
2582;Guava nectar, canned, with sucralose;100 g;48;0.1g;;0;6.00 mg;1.1 mg;4.00 mcg;0.00 mcg;0.170 mg;0;0.005 mg;0.005 mg;49.00 IU;2.00 mcg;0.00 mcg;29.00 mcg;0.00 mcg;0.00 mcg;0;0.00 mcg;0.009 mg;21.3 mg;0.00 IU;0.06 mg;0.06 mg;1.0 mcg;8.00 mg;0.025 mg;0.54 mg;2.00 mg;0.058 mg;3.00 mg;33.00 mg;0.1 mcg;0.02 mg;0.30 g;0;0;0;0;0;0;0;0;0;0;0;0;0;0;0;0;0;0;0;13.30 g;1.2 g;10.15 g;0;0;0;0;0;0;0.07 g;0.023 g;0.020 g;0.017 g;0.00 mg;0.0 g;0.09 g;0.00 mg;0.00 mg;86.23 g
8099;Pork, unheated, separable lean and fat, bone-in, rump, ham with natural juices, cured;100 g;200;13g;4.4g;67mg;838.00 mg;88.1 mg;1.00 mcg;0.00 mcg;6.310 mg;0.371 mg;0.185 mg;0.259 mg;36.00 IU;11.00 mcg;0.00 mcg;0.00 mcg;0.00 mcg;0.00 mcg;0;0.47 mcg;0.306 mg;0.0 mg;0;0.34 mg;0.34 mg;0.0 mcg;8.00 mg;0.107 mg;0.94 mg;19.00 mg;0.022 mg;231.00 mg;278.00 mg;36.0 mcg;2.15 mg;19.70 g;1.165 g;1.256 g;1.715 g;0.222 g;2.805 g;1.065 g;0.858 g;0.149 g;0.882 g;1.566 g;1.645 g;0.466 g;0.784 g;0.855 g;0.769 g;0.873 g;0.182 g;0.631 g;0.992 g;0.43 g;0.0 g;0.43 g;0.12 g;0.00 g;0.26 g;0.00 g;0.00 g;0.05 g;13.26 g;4.373 g;6.030 g;1.830 g;67.00 mg;0.0 g;2.76 g;0.00 mg;0.00 mg;63.86 g
7713;Lamb, fast roasted, cooked, separable lean only, rack - partly frenched, imported, New Zealand;100 g;193;11g;3.7g;76mg;72.00 mg;94.4 mg;0.00 mcg;0.00 mcg;6.705 mg;0.394 mg;0.202 mg;0.060 mg;14.00 IU;4.00 mcg;0.00 mcg;0.00 mcg;0.00 mcg;0.00 mcg;0;1.24 mcg;0.170 mg;0.0 mg;1.00 IU;0.37 mg;0.37 mg;3.5 mcg;22.00 mg;0.120 mg;1.65 mg;24.00 mg;0.010 mg;209.00 mg;323.00 mg;4.3 mcg;2.89 mg;24.43 g;1.214 g;1.644 g;0;0.320 g;3.412 g;1.044 g;0.517 g;0;1.093 g;1.886 g;2.133 g;0.797 g;0.962 g;0.783 g;0.833 g;1.165 g;0.270 g;0.846 g;1.244 g;0.00 g;0.0 g;0.00 g;0;0;0;0;0;0;10.63 g;3.664 g;2.601 g;0.503 g;76.00 mg;0.0 g;1.09 g;0.00 mg;0.00 mg;64.96 g
3315;Babyfood, toddler, beef and rice, dinner;100 g;82;2.9g;;0;32.00 mg;0;6.00 mcg;0.00 mcg;1.343 mg;0;0.069 mg;0.016 mg;502.00 IU;25.00 mcg;0;0;0;0;0;0.51 mcg;0.139 mg;3.9 mg;0;0;0;0;11.00 mg;0.054 mg;0.69 mg;8.00 mg;0;35.00 mg;120.00 mg;8.4 mcg;0.92 mg;5.00 g;0.339 g;0.338 g;0.464 g;0.054 g;0.870 g;0.364 g;0.128 g;0;0.245 g;0.392 g;0.376 g;0.123 g;0.197 g;0.306 g;0.179 g;0.200 g;0.046 g;0.161 g;0.275 g;8.80 g;0;0.00 g;0;0;0;0;0;0;2.90 g;0;0;0;0;0;1.40 g;0;0;81.90 g
3466;Lentils, with salt, boiled, cooked, mature seeds;100 g;114;0.4g;0.1g;0;238.00 mg;32.7 mg;181.00 mcg;0.00 mcg;1.060 mg;0.638 mg;0.073 mg;0.169 mg;8.00 IU;0.00 mcg;0.00 mcg;5.00 mcg;0.00 mcg;0.00 mcg;0;0.00 mcg;0.178 mg;1.5 mg;0.00 IU;0.11 mg;0.11 mg;1.7 mcg;19.00 mg;0.251 mg;3.33 mg;36.00 mg;0.494 mg;180.00 mg;369.00 mg;2.8 mcg;1.27 mg;9.02 g;0.377 g;0.697 g;0.998 g;0.118 g;1.399 g;0.367 g;0.254 g;0;0.390 g;0.654 g;0.630 g;0.077 g;0.445 g;0.377 g;0.416 g;0.323 g;0.081 g;0.241 g;0.448 g;19.54 g;7.9 g;1.80 g;0;0;0;0;0;0;0.38 g;0.053 g;0.064 g;0.175 g;0.00 mg;0;1.42 g;0;0;69.64 g
7650;"Beef, broiled, cooked, choice, trimmed to 0"" fat, separable lean only, t-bone steak, short loin";100 g;198;9.6g;3.3g;83mg;71.00 mg;99.0 mg;8.00 mcg;0.00 mcg;4.630 mg;0.330 mg;0.250 mg;0.110 mg;0.00 IU;0.00 mcg;0.00 mcg;0.00 mcg;0.00 mcg;0.00 mcg;0;2.27 mcg;0.390 mg;0.0 mg;0;0.14 mg;0.14 mg;0;4.00 mg;0.143 mg;3.66 mg;26.00 mg;0.016 mg;215.00 mg;327.00 mg;10.0 mcg;5.11 mg;25.98 g;1.570 g;1.642 g;2.590 g;0.291 g;4.165 g;1.417 g;0.838 g;0.120 g;1.342 g;2.297 g;2.161 g;0.665 g;1.127 g;1.147 g;0.993 g;1.201 g;0.291 g;0.873 g;1.264 g;0.00 g;0.0 g;0.00 g;0;0;0;0;0;0;9.61 g;3.270 g;4.645 g;0.320 g;83.00 mg;0.0 g;1.17 g;0.00 mg;0.00 mg;62.50 g
3371;Sea lion, heart (Alaska Native), Steller;100 g;102;3.3g;;0;0;0;0;0;0;0;0;0;0;0;0;0;0;0;0;0;0;0;0;0;0;0;0;0;0;0;0;0;0;0;0;17.00 g;0;0;0;0;0;0;0;0;0;0;0;0;0;0;0;0;0;0;0;1.00 g;0;0;0;0;0;0;0;0;3.30 g;0;0;0;0;0;1.00 g;0;0;76.20 g
8585;"Beef, roasted, cooked, select, trimmed to 1/8"" fat, separable lean and fat, small end (ribs 10-12), rib";100 g;323;25g;10g;83mg;64.00 mg;0;6.00 mcg;0.00 mcg;3.190 mg;0.240 mg;0.160 mg;0.060 mg;0.00 IU;0.00 mcg;0;0;0;0;0;2.90 mcg;0.240 mg;0.0 mg;0;0;0;0;13.00 mg;0.078 mg;2.44 mg;20.00 mg;0.014 mg;185.00 mg;328.00 mg;22.0 mcg;5.00 mg;22.76 g;1.373 g;1.439 g;2.079 g;0.255 g;3.420 g;1.242 g;0.779 g;0;1.023 g;1.799 g;1.894 g;0.583 g;0.889 g;1.005 g;0.870 g;0.994 g;0.255 g;0.765 g;1.107 g;0.00 g;0.0 g;0;0;0;0;0;0;0;25.02 g;10.050 g;10.810 g;0.910 g;83.00 mg;0;1.12 g;0;0;50.84 g
4863;Bread, frozen, commercially prepared, whole wheat, paratha;100 g;326;13g;5.8g;1mg;452.00 mg;6.3 mg;10.00 mcg;0.00 mcg;1.830 mg;0.465 mg;0.076 mg;0.110 mg;6.00 IU;2.00 mcg;0.00 mcg;0.00 mcg;0.00 mcg;12.00 mcg;0;0.00 mcg;0.080 mg;0.0 mg;0.00 IU;1.35 mg;1.35 mg;3.4 mcg;25.00 mg;0.146 mg;1.61 mg;37.00 mg;1.054 mg;120.00 mg;139.00 mg;7.1 mcg;0.82 mg;6.36 g;0;0;0;0;0;0;0;0;0;0;0;0;0;0;0;0;0;0;0;45.35 g;9.6 g;4.15 g;0.35 g;0.00 g;0.35 g;0.00 g;1.70 g;1.75 g;13.20 g;5.826 g;3.837 g;2.484 g;1.00 mg;0.0 g;1.59 g;0.00 mg;0.00 mg;33.50 g
5633;Soup, prepared with equal volume water, canned, chicken noodle;100 g;24;0.8g;0.2g;4mg;335.00 mg;5.5 mg;7.00 mcg;5.00 mcg;0.598 mg;0.053 mg;0.034 mg;0.039 mg;201.00 IU;11.00 mcg;0.00 mcg;119.00 mcg;0.00 mcg;4.00 mcg;0;0.06 mcg;0.021 mg;0.0 mg;0.00 IU;0.03 mg;0.03 mg;0.0 mcg;5.00 mg;0.018 mg;0.33 mg;4.00 mg;0.048 mg;18.00 mg;24.00 mg;3.1 mcg;0.14 mg;1.16 g;0;0;0;0;0;0;0;0;0;0;0;0;0;0;0;0;0;0;0;2.97 g;0.5 g;0.00 g;0;0;0;0;0;0;0.76 g;0.191 g;0.262 g;0.166 g;4.00 mg;0.0 g;0.94 g;0.00 mg;0.00 mg;94.17 g
3035;KEEBLER, Iced Lemonade Cookies, TRADITIONS;100 g;502;24g;8g;7mg;262.00 mg;0;85.00 mcg;0;2.800 mg;0;0.220 mg;0.320 mg;0;0;0;0;0;0;0;0;0.010 mg;0;0;0;0;0;0;0;2.40 mg;9.00 mg;0;60.00 mg;60.00 mg;0;0.30 mg;4.50 g;0;0;0;0;0;0;0;0;0;0;0;0;0;0;0;0;0;0;0;66.30 g;1.0 g;29.90 g;0;0;0;0;0;0;24.40 g;8.000 g;5.500 g;9.000 g;7.00 mg;0;0;0;0;3.40 g
1104;Lupins, raw, mature seeds;100 g;371;9.7g;1.2g;0;15.00 mg;0;355.00 mcg;0.00 mcg;2.190 mg;0.750 mg;0.220 mg;0.640 mg;0.00 IU;0.00 mcg;0.00 mcg;0.00 mcg;0.00 mcg;0.00 mcg;0;0.00 mcg;0.357 mg;4.8 mg;0.00 IU;0;0;0;176.00 mg;1.022 mg;4.36 mg;198.00 mg;2.382 mg;440.00 mg;1013.00 mg;8.2 mcg;4.75 mg;36.17 g;1.296 g;3.877 g;3.877 g;0.446 g;8.686 g;1.539 g;1.030 g;0;1.615 g;2.743 g;1.933 g;0.255 g;1.435 g;1.476 g;1.869 g;1.331 g;0.289 g;1.360 g;1.510 g;40.37 g;18.9 g;0;0;0;0;0;0;0;9.74 g;1.156 g;3.940 g;2.439 g;0.00 mg;0.0 g;3.28 g;0.00 mg;0.00 mg;10.44 g
3742;Kohlrabi, without salt, drained, boiled, cooked;100 g;29;0.1g;;0;21.00 mg;13.2 mg;12.00 mcg;0.00 mcg;0.390 mg;0.160 mg;0.020 mg;0.040 mg;35.00 IU;2.00 mcg;0.00 mcg;21.00 mcg;0.00 mcg;0.00 mcg;0;0.00 mcg;0.154 mg;54.0 mg;0.00 IU;0.52 mg;0.52 mg;0.1 mcg;25.00 mg;0.132 mg;0.40 mg;19.00 mg;0.142 mg;45.00 mg;340.00 mg;0.8 mcg;0.31 mg;1.80 g;0;0.111 g;0;0.007 g;0;0;0.020 g;0;0.083 g;0.071 g;0.059 g;0.014 g;0.041 g;0;0;0.052 g;0.011 g;0;0.053 g;6.69 g;1.1 g;2.80 g;0;0;0;0;0;0;0.11 g;0.014 g;0.008 g;0.053 g;0.00 mg;0.0 g;1.10 g;0.00 mg;0.00 mg;90.30 g
5550;Wheat flour, enriched, bleached, 9% protein, white (industrial);100 g;367;1.4g;0.3g;0;2.00 mg;10.4 mg;170.00 mcg;140.00 mcg;5.953 mg;0.187 mg;0.445 mg;0.736 mg;0.00 IU;0.00 mcg;0.00 mcg;0.00 mcg;0.00 mcg;18.00 mcg;0;0.00 mcg;0.037 mg;0.0 mg;0.00 IU;0.05 mg;0.05 mg;0.3 mcg;20.00 mg;0.165 mg;5.06 mg;20.00 mg;0.628 mg;85.00 mg;131.00 mg;11.4 mcg;0.94 mg;8.89 g;0.261 g;0.313 g;0.360 g;0.226 g;2.736 g;0.296 g;0.177 g;0;0.306 g;0.584 g;0.239 g;0.127 g;0.373 g;0.931 g;0.375 g;0.229 g;0.095 g;0.112 g;0.363 g;77.32 g;0;0.54 g;0.03 g;0.00 g;0.03 g;0.00 g;0.22 g;0.26 g;1.43 g;0.340 g;0.120 g;0.602 g;0.00 mg;0.0 g;0.51 g;0.00 mg;0.00 mg;11.85 g
6617;Apricots, solids and liquids, with skin, light syrup pack, canned;100 g;63;0.1g;;0;4.00 mg;1.8 mg;2.00 mcg;0.00 mcg;0.304 mg;0.092 mg;0.020 mg;0.016 mg;1322.00 IU;66.00 mcg;0.00 mcg;789.00 mcg;7.00 mcg;26.00 mcg;0;0.00 mcg;0.054 mg;2.7 mg;0.00 IU;0.60 mg;0.60 mg;2.2 mcg;11.00 mg;0.079 mg;0.39 mg;8.00 mg;0.052 mg;13.00 mg;138.00 mg;0.1 mcg;0.11 mg;0.53 g;0.026 g;0.021 g;0.122 g;0.002 g;0.054 g;0.016 g;0.009 g;0;0.016 g;0.031 g;0.037 g;0.003 g;0.022 g;0.032 g;0.031 g;0.019 g;0.009 g;0.012 g;0.019 g;16.49 g;1.6 g;14.89 g;0;0;0;0;0;0;0.05 g;0.003 g;0.021 g;0.010 g;0.00 mg;0.0 g;0.37 g;0.00 mg;0.00 mg;82.56 g
7586;"Beef, roasted, cooked, select, trimmed to 0"" fat, separable lean only, bottom round roast, round";100 g;169;5.3g;1.9g;76mg;38.00 mg;107.7 mg;9.00 mcg;0.00 mcg;4.865 mg;0.557 mg;0.153 mg;0.068 mg;0.00 IU;0.00 mcg;0.00 mcg;0.00 mcg;0.00 mcg;0.00 mcg;0;1.45 mcg;0.373 mg;0.0 mg;0;0.36 mg;0.36 mg;1.3 mcg;6.00 mg;0.079 mg;2.35 mg;19.00 mg;0.010 mg;183.00 mg;238.00 mg;35.7 mcg;4.92 mg;28.29 g;1.720 g;1.829 g;2.576 g;0.365 g;4.246 g;1.722 g;0.903 g;0.297 g;1.287 g;2.250 g;2.390 g;0.737 g;1.117 g;1.348 g;1.114 g;1.130 g;0.186 g;0.901 g;1.403 g;0.00 g;0.0 g;0.00 g;0;0;0;0;0;0;5.33 g;1.860 g;2.247 g;0.199 g;76.00 mg;0.0 g;1.13 g;0.00 mg;0.00 mg;65.90 g
2918;Nuts, with salt added, oil roasted, almonds;100 g;607;55g;4.2g;0;339.00 mg;52.1 mg;27.00 mcg;0.00 mcg;3.665 mg;0.229 mg;0.781 mg;0.092 mg;1.00 IU;0.00 mcg;0.00 mcg;1.00 mcg;0.00 mcg;1.00 mcg;0;0.00 mcg;0.118 mg;0.0 mg;0.00 IU;25.97 mg;25.97 mg;0.0 mcg;291.00 mg;0.955 mg;3.68 mg;274.00 mg;2.460 mg;466.00 mg;699.00 mg;4.1 mcg;3.07 mg;21.23 g;0.999 g;2.463 g;2.729 g;0.282 g;5.165 g;1.466 g;0.592 g;0;0.691 g;1.467 g;0.600 g;0.188 g;1.146 g;0.967 g;1.004 g;0.677 g;0.192 g;0.529 g;0.798 g;17.68 g;10.5 g;4.55 g;0.00 g;0;0.04 g;0.00 g;0.14 g;4.38 g;55.17 g;4.208 g;34.793 g;13.519 g;0.00 mg;0.0 g;3.13 g;0.00 mg;0.00 mg;2.80 g
1474;Puddings, regular, dry mix, banana;100 g;366;0.4g;0.1g;0;788.00 mg;0;0.00 mcg;0.00 mcg;0.000 mg;0.000 mg;0.000 mg;0.000 mg;0.00 IU;0.00 mcg;0;0;0;0;0;0.00 mcg;0.000 mg;0.0 mg;0;0;0;0;20.00 mg;0.020 mg;0.05 mg;8.00 mg;0.013 mg;5.00 mg;17.00 mg;0.9 mcg;0.09 mg;0.00 g;0.003 g;0.002 g;0.003 g;0.001 g;0.007 g;0.001 g;0.001 g;0;0.001 g;0.005 g;0.001 g;0.001 g;0.002 g;0.003 g;0.002 g;0.001 g;0.000 g;0.001 g;0.002 g;93.00 g;0.3 g;74.32 g;0;0;0;0;0;0;0.40 g;0.090 g;0.030 g;0.160 g;0.00 mg;0;2.50 g;0.00 mg;0.00 mg;4.10 g
1490;MOTHER'S, Vanilla Sandwich Cookies;100 g;469;20g;7.3g;0;276.00 mg;0;84.00 mcg;0;2.900 mg;0;0.250 mg;0.360 mg;0;0;0;0;0;0;0;0;0.020 mg;0;0;0;0;0;0;0;2.50 mg;11.00 mg;0;55.00 mg;87.00 mg;0;0.50 mg;4.80 g;0;0;0;0;0;0;0;0;0;0;0;0;0;0;0;0;0;0;0;68.90 g;1.3 g;30.10 g;0;0;0;0;0;0;20.10 g;7.300 g;4.780 g;2.860 g;0.00 mg;0;0;0;0;2.40 g
8404;Lamb, braised, cooked, separable lean and fat, whole (arm and blade), shoulder, frozen, imported, New Zealand;100 g;357;26g;13g;123mg;51.00 mg;0;1.00 mcg;0.00 mcg;6.370 mg;0.520 mg;0.320 mg;0.080 mg;0.00 IU;0.00 mcg;0;0;0;0;0;3.40 mcg;0.070 mg;0.0 mg;0;0;0;0;27.00 mg;0.103 mg;2.11 mg;18.00 mg;0.025 mg;196.00 mg;147.00 mg;4.5 mcg;4.53 mg;28.21 g;1.697 g;1.676 g;2.483 g;0.337 g;4.094 g;1.378 g;0.894 g;0;1.361 g;2.194 g;2.491 g;0.724 g;1.148 g;1.183 g;1.049 g;1.207 g;0.330 g;0.948 g;1.522 g;0.00 g;0.0 g;0;0;0;0;0;0;0;26.27 g;12.740 g;10.220 g;1.330 g;123.00 mg;0;1.58 g;0;0;42.64 g
8432;"Beef, broiled, cooked, all grades, trimmed to 0"" fat, separable lean and fat, porterhouse steak, short loin";100 g;276;19g;7.3g;67mg;65.00 mg;91.3 mg;7.00 mcg;0.00 mcg;4.210 mg;0.314 mg;0.228 mg;0.099 mg;0.00 IU;0.00 mcg;0.00 mcg;0.00 mcg;0.00 mcg;0.00 mcg;0;2.18 mcg;0.365 mg;0.0 mg;0;0.18 mg;0.18 mg;0;7.00 mg;0.130 mg;2.94 mg;22.00 mg;0.015 mg;193.00 mg;299.00 mg;19.6 mcg;4.56 mg;23.96 g;1.448 g;1.608 g;2.377 g;0.258 g;3.826 g;1.149 g;0.775 g;0.104 g;1.228 g;2.105 g;2.233 g;0.676 g;1.033 g;1.016 g;0.959 g;1.104 g;0.259 g;0.874 g;1.288 g;0.00 g;0.0 g;0.00 g;0;0;0;0;0;0;19.27 g;7.271 g;8.650 g;0.690 g;67.00 mg;0.0 g;1.17 g;0.00 mg;0.00 mg;54.66 g
6149;Fish, packed in oil (Alaska Native), air-dried, flesh, Pacific, herring;100 g;489;35g;;0;0;0;0;0;2.200 mg;0;0;0.010 mg;1300.00 IU;0;0;0;0;0;0;0;0;0;0;0;0;0;0;0;0;0;0;684.00 mg;0;0;0;44.50 g;0;0;0;0;0;0;0;0;0;0;0;0;0;0;0;0;0;0;0;0.00 g;0;0;0;0;0;0;0;0;34.60 g;0;0;0;0;0;2.70 g;0;0;18.20 g
3818;Tomato products, with mushrooms, sauce, canned;100 g;35;0.1g;;0;452.00 mg;0;9.00 mcg;0.00 mcg;1.265 mg;0.367 mg;0.108 mg;0.072 mg;955.00 IU;48.00 mcg;0.00 mcg;570.00 mcg;6.00 mcg;31.00 mcg;0;0.00 mcg;0.133 mg;12.4 mg;0;1.92 mg;1.92 mg;3.8 mcg;13.00 mg;0.199 mg;0.89 mg;19.00 mg;0.188 mg;32.00 mg;380.00 mg;0.2 mcg;0.21 mg;1.45 g;0.065 g;0.042 g;0.169 g;0.007 g;0.486 g;0.036 g;0.028 g;0;0.037 g;0.055 g;0.074 g;0.014 g;0.039 g;0.053 g;0.044 g;0.043 g;0.017 g;0.023 g;0.041 g;8.43 g;1.5 g;5.77 g;0;0;0;0;0;0;0.13 g;0.017 g;0.010 g;0.050 g;0.00 mg;0.0 g;2.02 g;0.00 mg;0.00 mg;87.97 g
2939;Beans, raw, mature seeds, royal red, kidney;100 g;329;0.5g;0.1g;0;13.00 mg;0;393.00 mcg;0.00 mcg;2.106 mg;0.779 mg;0.240 mg;0.390 mg;8.00 IU;0.00 mcg;0;0;0;0;0;0.00 mcg;0.396 mg;4.5 mg;0.00 IU;0;0;0;131.00 mg;1.000 mg;8.70 mg;138.00 mg;1.109 mg;406.00 mg;1346.00 mg;3.2 mcg;2.66 mg;25.33 g;1.062 g;1.568 g;3.063 g;0.276 g;3.862 g;0.989 g;0.705 g;0;1.118 g;2.022 g;1.738 g;0.381 g;1.370 g;1.074 g;1.378 g;1.066 g;0.300 g;0.713 g;1.325 g;58.33 g;24.9 g;0;0;0;0;0;0;0;0.45 g;0.065 g;0.035 g;0.249 g;0.00 mg;0;4.00 g;0;0;11.90 g
2413;Restaurant, onion rings, family style;100 g;356;19g;3.4g;0;692.00 mg;0;14.00 mcg;0;0.818 mg;0.380 mg;0.078 mg;0.117 mg;17.00 IU;1.00 mcg;1.00 mcg;6.00 mcg;4.00 mcg;42.00 mcg;0;0;0.083 mg;0;0;1.27 mg;1.27 mg;42.6 mcg;21.00 mg;0.088 mg;0.71 mg;19.00 mg;0.471 mg;94.00 mg;142.00 mg;5.0 mcg;0.51 mg;4.89 g;0.149 g;0.230 g;0.220 g;0.120 g;1.508 g;0.179 g;0.109 g;0.000 g;0.163 g;0.332 g;0.111 g;0.073 g;0.226 g;0.624 g;0.181 g;0.105 g;0.046 g;0.103 g;0.200 g;40.72 g;2.6 g;4.68 g;1.14 g;0.00 g;1.25 g;0.00 g;1.12 g;1.17 g;19.28 g;3.415 g;4.217 g;9.830 g;0;0;2.21 g;0;0;32.90 g
1071;Corned beef loaf, jellied;100 g;153;6.1g;2.6g;47mg;953.00 mg;0;8.00 mcg;0.00 mcg;1.760 mg;0.190 mg;0.110 mg;0.000 mg;0.00 IU;0.00 mcg;0;0;0;0;0;1.27 mcg;0.120 mg;0.0 mg;0;0;0;0;11.00 mg;0.060 mg;2.04 mg;11.00 mg;0.031 mg;73.00 mg;101.00 mg;17.2 mcg;4.09 mg;22.90 g;1.576 g;1.587 g;1.950 g;0.238 g;3.167 g;2.170 g;0.601 g;0;0.861 g;1.584 g;1.759 g;0.506 g;0.810 g;1.503 g;0.916 g;0.894 g;0.165 g;0.616 g;0.993 g;0.00 g;0.0 g;0;0;0;0;0;0;0;6.10 g;2.600 g;2.680 g;0.320 g;47.00 mg;0.0 g;3.00 g;0;0;69.10 g
6866;Pork, broiled, cooked, separable lean only, boneless, top loin (chops), loin, fresh;100 g;173;6.1g;2.1g;72mg;45.00 mg;78.3 mg;0.00 mcg;0.00 mcg;8.512 mg;0.692 mg;0.195 mg;0.658 mg;0.00 IU;0.00 mcg;0.00 mcg;0.00 mcg;0.00 mcg;0.00 mcg;0;0.56 mcg;0.722 mg;0.0 mg;23.00 IU;0.10 mg;0.10 mg;0.0 mcg;5.00 mg;0.083 mg;0.63 mg;27.00 mg;0.007 mg;237.00 mg;367.00 mg;45.3 mcg;2.15 mg;27.58 g;1.619 g;1.835 g;2.698 g;0.318 g;4.402 g;1.243 g;1.191 g;0.071 g;1.357 g;2.349 g;2.558 g;0.759 g;1.159 g;1.115 g;1.192 g;1.238 g;0.290 g;1.049 g;1.441 g;0.00 g;0.0 g;0.00 g;0;0;0;0;0;0;6.08 g;2.077 g;2.651 g;0.605 g;72.00 mg;0.0 g;1.03 g;0.00 mg;0.00 mg;65.11 g
2364;Beans, raw, mature seeds, small white;100 g;336;1.2g;0.3g;0;12.00 mg;0;386.00 mcg;0.00 mcg;1.342 mg;0.729 mg;0.207 mg;0.743 mg;0.00 IU;0.00 mcg;0;0;0;0;0;0.00 mcg;0.439 mg;0.0 mg;0.00 IU;0;0;0;173.00 mg;0.635 mg;7.73 mg;183.00 mg;1.278 mg;445.00 mg;1542.00 mg;12.8 mcg;2.81 mg;21.11 g;0.885 g;1.307 g;2.553 g;0.230 g;3.218 g;0.824 g;0.588 g;0;0.932 g;1.685 g;1.449 g;0.317 g;1.141 g;0.895 g;1.148 g;0.888 g;0.250 g;0.594 g;1.104 g;62.25 g;24.9 g;0;0;0;0;0;0;0;1.18 g;0.304 g;0.102 g;0.507 g;0.00 mg;0;3.75 g;0;0;11.71 g
3663;Fish, dry heat, cooked, mixed species, sturgeon;100 g;135;5.2g;1.2g;77mg;69.00 mg;70.0 mg;17.00 mcg;0.00 mcg;10.100 mg;0.870 mg;0.090 mg;0.080 mg;875.00 IU;263.00 mcg;0.00 mcg;0.00 mcg;0.00 mcg;0.00 mcg;0;2.50 mcg;0.230 mg;0.0 mg;515.00 IU;0.63 mg;0.63 mg;0.1 mcg;17.00 mg;0.053 mg;0.90 mg;45.00 mg;0.030 mg;271.00 mg;364.00 mg;16.2 mcg;0.54 mg;20.70 g;1.252 g;1.238 g;2.119 g;0.222 g;3.089 g;0.993 g;0.609 g;0;0.954 g;1.682 g;1.901 g;0.613 g;0.808 g;0.732 g;0.844 g;0.907 g;0.232 g;0.699 g;1.066 g;0.00 g;0.0 g;0.00 g;0;0;0;0;0;0;5.18 g;1.173 g;2.486 g;0.885 g;77.00 mg;0.0 g;1.41 g;0.00 mg;0.00 mg;69.94 g
4615;Soup, canned, HEALTHY CHOICE Garden Vegetable Soup;100 g;51;0.2g;0.1g;1mg;195.00 mg;0;0;0;0;0;0;0;618.00 IU;0;0;0;0;0;0;0;0;1.0 mg;0;0;0;0;16.00 mg;0;0.00 mg;0;0;0;0;0;0;2.13 g;0;0;0;0;0;0;0;0;0;0;0;0;0;0;0;0;0;0;0;10.04 g;1.9 g;2.13 g;0;0;0;0;0;0;0.21 g;0.050 g;0.070 g;0.080 g;1.00 mg;0;0.80 g;0;0;86.82 g
1818;Crustaceans, canned, blue, crab;100 g;83;0.7g;0.2g;97mg;563.00 mg;80.9 mg;51.00 mcg;0.00 mcg;2.747 mg;0.997 mg;0.093 mg;0.023 mg;2.00 IU;1.00 mcg;0.00 mcg;0.00 mcg;0.00 mcg;0.00 mcg;0;3.33 mcg;0.156 mg;3.3 mg;0.00 IU;1.84 mg;1.84 mg;0.3 mcg;91.00 mg;0.814 mg;0.50 mg;36.00 mg;0.074 mg;234.00 mg;259.00 mg;42.9 mcg;3.81 mg;17.88 g;0.894 g;1.759 g;1.690 g;0.187 g;2.634 g;1.071 g;0.393 g;0;0.776 g;1.307 g;1.386 g;0.452 g;0.708 g;0.678 g;0.678 g;0.727 g;0.226 g;0.658 g;0.806 g;0.00 g;0.0 g;0.00 g;0.00 g;0.00 g;0.00 g;0.00 g;0.00 g;0.00 g;0.74 g;0.201 g;0.129 g;0.258 g;97.00 mg;0.0 g;1.96 g;0.00 mg;0.00 mg;79.69 g
553;Sugars, maple;100 g;354;0.2g;;0;11.00 mg;2.1 mg;0.00 mcg;0.00 mcg;0.040 mg;0.048 mg;0.013 mg;0.009 mg;0.00 IU;0.00 mcg;0.00 mcg;0.00 mcg;0.00 mcg;0.00 mcg;0;0.00 mcg;0.003 mg;0.0 mg;0.00 IU;0.00 mg;0.00 mg;0.0 mcg;90.00 mg;0.099 mg;1.61 mg;19.00 mg;4.422 mg;3.00 mg;274.00 mg;0.8 mcg;6.06 mg;0.10 g;0;0;0;0;0;0;0;0;0;0;0;0;0;0;0;0;0;0;0;90.90 g;0.0 g;84.87 g;0;0;0;0;0;0;0.20 g;0.036 g;0.064 g;0.100 g;0.00 mg;0.0 g;0.80 g;0.00 mg;0.00 mg;8.00 g
2040;KEEBLER, Wheat Crackers, TOWN HOUSE;100 g;489;24g;4g;1mg;876.00 mg;0;113.00 mcg;0;3.800 mg;0;0.310 mg;0.560 mg;0;0;0;0;0;0;0;0.00 mcg;0.010 mg;0;0.00 IU;0.00 mg;0.00 mg;0;0;0;0;5.00 mg;0;333.00 mg;134.00 mg;0;0.10 mg;6.30 g;0;0;0;0;0;0;0;0;0;0;0;0;0;0;0;0;0;0;0;63.20 g;2.8 g;3.10 g;0;0;0;0;0;0;24.40 g;4.000 g;6.000 g;14.100 g;1.00 mg;0;0;0;0;3.00 g
5009;Doughnuts, chocolate-coated or frosted, plain, cake-type;100 g;452;25g;13g;19mg;326.00 mg;29.1 mg;65.00 mcg;37.00 mcg;1.590 mg;0.126 mg;0.125 mg;0.163 mg;16.00 IU;4.00 mcg;1.00 mcg;2.00 mcg;1.00 mcg;24.00 mcg;0;0.10 mcg;0.024 mg;1.3 mg;0.00 IU;2.02 mg;2.02 mg;7.9 mcg;24.00 mg;0.260 mg;4.00 mg;30.00 mg;0.640 mg;210.00 mg;201.00 mg;6.8 mcg;0.98 mg;4.93 g;0.177 g;0.232 g;0.343 g;0.098 g;1.230 g;0.171 g;0.111 g;0.000 g;0.208 g;0.366 g;0.231 g;0.079 g;0.223 g;0.427 g;0.244 g;0.170 g;0.061 g;0.130 g;0.240 g;51.33 g;1.9 g;26.65 g;0;0;0;0;0;0;25.25 g;13.470 g;8.618 g;1.960 g;19.00 mg;0.0 g;1.73 g;2.00 mg;53.00 mg;16.76 g
5315;Cookies, regular, commercially prepared, peanut butter;100 g;473;24g;6.8g;27mg;463.00 mg;10.0 mg;57.00 mcg;30.00 mcg;3.860 mg;0.429 mg;0.208 mg;0.208 mg;32.00 IU;9.00 mcg;0.00 mcg;1.00 mcg;0.00 mcg;14.00 mcg;0;0.04 mcg;0.122 mg;0.0 mg;0.00 IU;3.53 mg;3.53 mg;4.4 mcg;41.00 mg;0.153 mg;2.11 mg;44.00 mg;0.643 mg;156.00 mg;202.00 mg;6.3 mcg;0.86 mg;8.92 g;0.370 g;0.852 g;0.922 g;0.160 g;2.271 g;0.477 g;0.225 g;0;0.363 g;0.652 g;0.380 g;0.148 g;0.485 g;0.612 g;0.504 g;0.323 g;0.110 g;0.353 g;0.425 g;58.15 g;2.1 g;28.58 g;2.02 g;0.00 g;2.72 g;0.00 g;0.26 g;23.58 g;23.82 g;6.751 g;10.800 g;3.610 g;27.00 mg;0.0 g;1.83 g;0.00 mg;0.00 mg;7.28 g
94;Game meat, raw, moose;100 g;102;0.7g;0.2g;59mg;65.00 mg;0;0;0;5.000 mg;0;0.270 mg;0.060 mg;0.00 IU;0.00 mcg;0;0;0;0;0;0;0;4.0 mg;0;0;0;0;5.00 mg;0.067 mg;3.21 mg;23.00 mg;0.008 mg;158.00 mg;317.00 mg;9.6 mcg;2.80 mg;22.24 g;1.281 g;1.438 g;2.089 g;0;3.602 g;0.972 g;0.747 g;0;1.068 g;1.957 g;2.018 g;0.569 g;0.961 g;0.904 g;0.797 g;1.021 g;0;0.819 g;1.210 g;0.00 g;0.0 g;0;0;0;0;0;0;0;0.74 g;0.220 g;0.150 g;0.240 g;59.00 mg;0;1.13 g;0;0;75.55 g
